ID,Predicted
0,0.9665120095909335
1,0.1170758384701618
2,0.9869925760518075
3,0.5511793016539562
4,0.43559492120677396
5,0.9861651884920016
6,0.871773862159141
7,0.621287782734644
8,0.9638033609539933
9,0.30658435195908723
10,0.5442364541938037
11,0.8689604335674102
12,0.7411854704767263
13,0.9114688480408317
14,0.2809668979855089
15,0.31347234455365774
16,0.9867012533223009
17,0.6527640558283574
18,0.45018363951867296
19,0.33508250282848434
20,0.8037509056255218
21,0.5154624395699635
22,0.9785424930886372
23,0.2817124736105127
24,0.5588108759584427
25,0.34295532954293606
26,0.36405495876181193
27,0.7203422116573145
28,0.4628808602603405
29,0.7531832150956979
30,0.6682603148279337
31,0.6316754524449482
32,0.9720410462165227
33,0.641100364764666
34,0.6345450008857386
35,0.29911995819199594
36,0.8245459223233259
37,0.9638033609539933
38,0.44037237412425034
39,0.6442132814701803
40,0.35524245348788525
41,0.9502879760747152
42,0.46785002626299554
43,0.5605090104930981
44,0.2898154611581243
45,0.8840842308321207
46,0.4623702130275881
47,0.9046848665301365
48,0.9781499002084479
49,0.5504980184282114
50,0.9662250988335912
51,0.9319572081979438
52,0.878317250015285
53,0.8902237824978607
54,0.3694744025541911
55,0.9496503736686408
56,0.41687712175240466
57,0.8483189846925409
58,0.3508860648585809
59,0.3595223661158867
60,0.939405480450878
61,0.272300181210941
62,0.9269512942499925
63,0.21490135064953694
64,0.5624385165296841
65,0.42097003227272084
66,0.39239961128283785
67,0.6792926338450449
68,0.7789883792154415
69,0.4378808526875304
70,0.3700591796375515
71,0.2772012647436537
72,0.965493863261612
73,0.9651926609608001
74,0.6652129986299786
75,0.6030821393322022
76,0.624613647039075
77,0.8297345799776841
78,0.5062311835144635
79,0.7813369672375963
80,0.5065369520419718
81,0.6984900453608361
82,0.535240591607446
83,0.21733840288319056
84,0.4545106498028228
85,0.2361771132065742
86,0.48598046376545906
87,0.8874527187578131
88,0.7396638596899129
89,0.5084700856711684
90,0.9461524952769617
91,0.4282477555456135
92,0.3403101436229175
93,0.7840502581488634
94,0.9639273699282225
95,0.5316326374425858
96,0.6792926338450449
97,0.4640140438353082
98,0.32150042590053757
99,0.2343257377819229
100,0.37433282988002253
101,0.44635565181664333
102,0.6533039447951985
103,0.41629080232720483
104,0.48429323898710674
105,0.26430403328006075
106,0.6551303183945842
107,0.5497922291947265
108,0.47470709731442196
109,0.32853747911422343
110,0.5904468251645808
111,0.28687858702504093
112,0.9593852148890164
113,0.3473893180616745
114,0.9795161995579554
115,0.22468755452207048
116,0.936627341819422
117,0.32814617952825287
118,0.5605090104930981
119,0.41109964904375257
120,0.9652420934812115
121,0.5717402701227192
122,0.7039015297695599
123,0.337198881777934
124,0.4963759569985451
125,0.9549614478992948
126,0.6376261246679547
127,0.8308962023779638
128,0.5605090104930981
129,0.9618400795344505
130,0.8512973058095444
131,0.4373700844019288
132,0.72435525765483
133,0.5777408755978247
134,0.6560641278967594
135,0.8998607916772713
136,0.9194108403750585
137,0.48275863366747623
138,0.8682968679354646
139,0.965798518748479
140,0.935967603300808
141,0.8094635285862569
142,0.3445128174495727
143,0.3510132204057256
144,0.954901120331321
145,0.8048639820760698
146,0.6662248401871499
147,0.5584188251024972
148,0.31953282807654376
149,0.46315823527153843
150,0.3857707458511371
151,0.9629447551901003
152,0.8301556561204848
153,0.6096812121032806
154,0.6713240907021608
155,0.5605090104930981
156,0.9402994194947802
157,0.39395079902304087
158,0.6022589317201974
159,0.4920544784735425
160,0.42996458929298736
161,0.9162073998029284
162,0.5822050450695445
163,0.3763003475500489
164,0.39475641582162113
165,0.7057259855222094
166,0.32116125992290057
167,0.41154413632569065
168,0.9363834489124802
169,0.2215116359351685
170,0.5829901371915114
171,0.46523245420666204
172,0.3038606250003838
173,0.44151827337778576
174,0.6792926338450449
175,0.33133441705484323
176,0.3739905480311828
177,0.8159709178583533
178,0.7307546175470646
179,0.9604739193745988
180,0.9665120095909335
181,0.9131472077749957
182,0.5450418695022792
183,0.6688511356559722
184,0.5115569274548342
185,0.6713240907021608
186,0.9278182910045657
187,0.31612660220817607
188,0.52439495425963
189,0.3395891160146743
190,0.9146587895571667
191,0.5147062790663894
192,0.34090554586787897
193,0.43866881477130837
194,0.8546981406473998
195,0.31579090762989354
196,0.6084229020056818
197,0.941139492393336
198,0.6919578035595415
199,0.455072261099054
200,0.6027443007589803
201,0.8245459223233259
202,0.3064400065090137
203,0.5217394079768408
204,0.638707584342937
205,0.31107874255046647
206,0.308947850621219
207,0.9148913859566257
208,0.2978251833726093
209,0.3483243965416205
210,0.5003549095176973
211,0.7195849444717992
212,0.8852366234816974
213,0.8325674602132574
214,0.9745931259560114
215,0.9040792292281717
216,0.9166978689046918
217,0.9575770006389337
218,0.9077831624053238
219,0.8325674602132574
220,0.8676883254650407
221,0.6286123562122021
222,0.9458596615380556
223,0.5392697080711897
224,0.46370979070532947
225,0.9785424930886372
226,0.9669143829839433
227,0.946605226837686
228,0.3275020343878793
229,0.9558035286758274
230,0.966433948362993
231,0.36220491183653336
232,0.30571089484516867
233,0.35615499556749824
234,0.5353397276341278
235,0.28581910512658015
236,0.7545351247576234
237,0.41414087747414374
238,0.9544274241449618
239,0.25253819401730904
240,0.31183736529204126
241,0.4154995969627105
242,0.38756719060549893
243,0.27234438086394175
244,0.7598804106203857
245,0.5410201033631313
246,0.5605090104930981
247,0.5480527599853566
248,0.3277634903251834
249,0.3996483970354388
250,0.5342537895028131
251,0.43021531093990373
252,0.629355838270445
253,0.3867165210201512
254,0.4770731716774248
255,0.3245741841978135
256,0.6919578035595415
257,0.8665407083089577
258,0.9867012533223009
259,0.9547534156553092
260,0.959865331564852
261,0.3544389105407733
262,0.7933719842328514
263,0.8694161645828007
264,0.737283540601534
265,0.30617199225041947
266,0.46906361503139027
267,0.3341682275283638
268,0.411880162251531
269,0.5850521744673028
270,0.42806496395627974
271,0.3485358303348779
272,0.4817201034819179
273,0.9190471934717634
274,0.9355934625113783
275,0.904353736258438
276,0.7762366233296063
277,0.29858696239622656
278,0.7464756990815601
279,0.8712743091286149
280,0.4573631138166789
281,0.4762463639403227
282,0.4557533181401709
283,0.24233142916307046
284,0.6418489747568543
285,0.31665308011547205
286,0.47957695633783065
287,0.9867012533223009
288,0.34787935618304866
289,0.163456509675974
290,0.34770183280487604
291,0.2922041394195203
292,0.2629197864717519
293,0.35050433083521676
294,0.3796626354111131
295,0.26990958999144843
296,0.6212375715348593
297,0.9844510659343069
298,0.5639948371958813
299,0.34439164104329595
300,0.9867012533223009
301,0.4774770422856576
302,0.6877406296858187
303,0.5407741116300135
304,0.37169620267915154
305,0.14210278980264285
306,0.2777698254367377
307,0.5354415936855251
308,0.9277827464203259
309,0.17371794639354435
310,0.9203944065160532
311,0.581479160268213
312,0.8346829062750127
313,0.3739605310342283
314,0.5069997411005531
315,0.2997864136956939
316,0.40708001994591037
317,0.4369630107012667
318,0.4499230871266081
319,0.8899902578305637
320,0.7441217020881474
321,0.4037306060602962
322,0.1473123883812215
323,0.2300687591823484
324,0.9436352148091415
325,0.7423531253855858
326,0.363603849836942
327,0.6345268397648715
328,0.5126605815596257
329,0.4265357350661847
330,0.6344545816921415
331,0.513054184006749
332,0.8899902578305637
333,0.5528477317395067
334,0.4084577417759468
335,0.3450212753942147
336,0.2624848426291807
337,0.9514612227990262
338,0.3652134660933253
339,0.926694323374879
340,0.3966714556829672
341,0.8846181640086442
342,0.6992968505723534
343,0.5288981694208879
344,0.38665607151701226
345,0.3939046550331663
346,0.3879637844264846
347,0.9851185503144895
348,0.30048312246261893
349,0.9665120095909335
350,0.9783896003489939
351,0.6067237455212439
352,0.38515500619051296
353,0.4162720702809609
354,0.45194577389522234
355,0.9056738675297149
356,0.7403496225105844
357,0.6770307024330204
358,0.965798518748479
359,0.7853636955485819
360,0.9638033609539933
361,0.3234693618586336
362,0.2783645035343784
363,0.4989953175471329
364,0.9647253142168186
365,0.6792926338450449
366,0.3909806596463792
367,0.9547534156553092
368,0.5464428415066032
369,0.8104892831839987
370,0.5246365645476948
371,0.9357024935689211
372,0.45045969446638584
373,0.8166671665616886
374,0.4109854429449645
375,0.9638033609539933
376,0.2557823159872729
377,0.8414926446143517
378,0.8430717323929187
379,0.8325674602132574
380,0.9114688480408317
381,0.6792926338450449
382,0.8328820363599343
383,0.8580238950169052
384,0.14270336267797978
385,0.9448470861492894
386,0.6323959614259803
387,0.24522988947123905
388,0.9593852148890164
389,0.5222364369604621
390,0.8899902578305637
391,0.361736528758438
392,0.5529737118874892
393,0.5722522921814546
394,0.4338520808408661
395,0.9506110884517469
396,0.4137034011550278
397,0.5675942614087859
398,0.9430858285036188
399,0.842042960643635
400,0.4501528501012287
401,0.9200492369872397
402,0.7725389970039417
403,0.400324544726068
404,0.4131244892275148
405,0.8171907892270304
406,0.4257620575199066
407,0.3483920806053341
408,0.7560350684340247
409,0.3918816400014574
410,0.9477361140311048
411,0.38343303010575214
412,0.6246139624601231
413,0.6878342308534149
414,0.39234652177016255
415,0.9437675720266006
416,0.1907538267242412
417,0.946428638109403
418,0.5191296310073805
419,0.5990009001484361
420,0.3070323065087422
421,0.264417008738439
422,0.8921686088144735
423,0.5925513559571439
424,0.5468235660859851
425,0.9834839472658451
426,0.6364986000744088
427,0.4092394162318472
428,0.5972774644500678
429,0.8560622764024055
430,0.5403010210109589
431,0.34131195358291366
432,0.37403573984619554
433,0.4382489244059944
434,0.3956487096318348
435,0.5532245829543782
436,0.3779981724836691
437,0.9160329711590841
438,0.9203418094637474
439,0.9595109704546109
440,0.39199340485310863
441,0.9469813237182273
442,0.474977675159375
443,0.35615395097779406
444,0.5677123418809376
445,0.5316326374425858
446,0.3375690237151317
447,0.6317560048099777
448,0.2530179081105626
449,0.9114688480408317
450,0.21258134203303325
451,0.30920186365861996
452,0.5523304851259664
453,0.49649185282577935
454,0.7202810710502977
455,0.547033096957202
456,0.8725725486191583
457,0.894622570781822
458,0.869546673469229
459,0.16735703187113918
460,0.37296295157364334
461,0.5503742129243627
462,0.8407462854384677
463,0.21944033331579224
464,0.6693126465745016
465,0.4416036504463368
466,0.6509555812461826
467,0.20020391922465292
468,0.13465610753504903
469,0.6158605611364945
470,0.5782638370881948
471,0.5952714591726646
472,0.6840504482772085
473,0.9638033609539933
474,0.3894612862606228
475,0.741399518052803
476,0.4629797735061894
477,0.20872254482764585
478,0.4737600247451675
479,0.6792926338450449
480,0.6300256007339191
481,0.7341376290303455
482,0.9424183144154973
483,0.9417142021296153
484,0.33425426349627607
485,0.36326137001030645
486,0.8130112323709141
487,0.8701420336866473
488,0.9620746076029638
489,0.8645568978592615
490,0.5420878252952321
491,0.5025194532324513
492,0.8827011363778475
493,0.1911746849729115
494,0.33905152465478705
495,0.9652420934812115
496,0.396437044450042
497,0.5811412545262629
498,0.2733522707411876
499,0.8328820363599343
500,0.9665120095909335
501,0.5361317160352895
502,0.3859259048399173
503,0.4060208451253163
504,0.9398332823062008
505,0.36097625598306
506,0.9106979126705371
507,0.6385243221386009
508,0.3990905816862878
509,0.28491902046805245
510,0.2656906669310908
511,0.27183505777258654
512,0.6832184865387327
513,0.7491460558422217
514,0.46787904567548383
515,0.5203289498941585
516,0.3409301602957629
517,0.7372591401130013
518,0.9023234836934789
519,0.7526010339586512
520,0.13393030027106512
521,0.2033844161700686
522,0.5591944520065943
523,0.7894692036505496
524,0.33413664634632684
525,0.4506110033543239
526,0.9638033609539933
527,0.9611593470803965
528,0.19067422727329117
529,0.4262855533680243
530,0.5347244149163137
531,0.3231941630119891
532,0.5634737629820035
533,0.32865661777074334
534,0.8037509056255218
535,0.6160498770117238
536,0.4160634306362778
537,0.8297345799776841
538,0.38244975873370807
539,0.9638033609539933
540,0.5093862127079032
541,0.5191166874352309
542,0.6792926338450449
543,0.5677557891205075
544,0.5084700856711684
545,0.34120963311301283
546,0.9374287184727802
547,0.4323023051450568
548,0.2707803351140528
549,0.2772012647436537
550,0.9578367684293356
551,0.32759600754538226
552,0.5568202397281838
553,0.5220352464101876
554,0.9671899970701469
555,0.8893358046273577
556,0.3896666731264888
557,0.9638033609539933
558,0.7295076511643129
559,0.4770957071998164
560,0.44919174560206526
561,0.6345251900043355
562,0.31288335256431316
563,0.3893686633571508
564,0.6565669113753168
565,0.5480527599853566
566,0.9014702399773724
567,0.21244567937654368
568,0.5183907391370991
569,0.9867012533223009
570,0.5095923821171691
571,0.5525235209586203
572,0.4346822849118476
573,0.2447710179484511
574,0.5361784228713766
575,0.9377225508513819
576,0.22834374145179126
577,0.42543382235849764
578,0.5410758673450141
579,0.6826321444495526
580,0.5829707267839104
581,0.5208541759012497
582,0.35572277824273574
583,0.7660153758095817
584,0.6089117793703276
585,0.7526010339586512
586,0.6973455091863799
587,0.6022589317201974
588,0.8325674602132574
589,0.46746041248959025
590,0.930066141274026
591,0.9589824941529106
592,0.9267959949835404
593,0.5231914684850035
594,0.35164080255800595
595,0.30970009030619766
596,0.9120535598720997
597,0.46016826026333
598,0.5559837076714875
599,0.9723979178679402
600,0.22542096686555116
601,0.9308591575549588
602,0.7955680707042895
603,0.5898085796346003
604,0.8371601601715241
605,0.26091531017389985
606,0.3918070937775095
607,0.34665073120539486
608,0.3506576863377577
609,0.40855439604052296
610,0.303325753455184
611,0.36137362447243426
612,0.9219044277858512
613,0.8899902578305637
614,0.3670635589656754
615,0.6627659824507283
616,0.1484593325288015
617,0.29815077659222505
618,0.46424525319398185
619,0.4457607762643492
620,0.2789251951774438
621,0.7023198876457135
622,0.9723979178679402
623,0.5166051370455395
624,0.7430307454745242
625,0.4397602296160676
626,0.5220183950463375
627,0.5281498575237437
628,0.9336596099038064
629,0.7930348983015308
630,0.8002007420516054
631,0.36387499032476667
632,0.6792926338450449
633,0.28071305050179163
634,0.184032618025701
635,0.1662109536676846
636,0.3858048458584413
637,0.6883837054670808
638,0.977005592954816
639,0.6806378737628134
640,0.6510551683209395
641,0.859527856656207
642,0.9121749982149423
643,0.5297494750576991
644,0.5019962499324012
645,0.306683345756557
646,0.3375603346583629
647,0.5458085980028378
648,0.21061250387954158
649,0.9239656451382459
650,0.8899902578305637
651,0.5686179985867968
652,0.5005627698128304
653,0.39724579406278526
654,0.5560197262316559
655,0.27026317183734677
656,0.40087171661052257
657,0.3190263818778349
658,0.7713231284094855
659,0.9833341092768223
660,0.9684724647306968
661,0.6483966990218442
662,0.9440108234906344
663,0.44588953247324237
664,0.3977597547948729
665,0.3932254559749355
666,0.9479139861611551
667,0.33054495885347296
668,0.5177409614931793
669,0.4881186169369219
670,0.9030711089212564
671,0.4815631833718523
672,0.7846948805004036
673,0.6092216573341288
674,0.8675847559079405
675,0.9350771978735061
676,0.8899902578305637
677,0.34469937045114507
678,0.48308262178172146
679,0.7980905663189601
680,0.3450933197188971
681,0.40220946582402195
682,0.6307074499805371
683,0.3603919142109943
684,0.3986264124385418
685,0.5069848996523858
686,0.4312641588587873
687,0.6341283522577159
688,0.698582207260962
689,0.5230485118806647
690,0.36540122730208996
691,0.7133987436290253
692,0.9235496420112186
693,0.4444672923480666
694,0.26682299187780567
695,0.442647142462496
696,0.49003772150875047
697,0.5200158478361344
698,0.9449536434851937
699,0.32305266008523414
700,0.22216301224591178
701,0.35217914263802697
702,0.9333245673116138
703,0.6792926338450449
704,0.4154035781284318
705,0.7963795790710972
706,0.5605090104930981
707,0.965493863261612
708,0.9552983709745257
709,0.5653865068626776
710,0.4261466911023378
711,0.8297345799776841
712,0.3262607795531135
713,0.9665120095909335
714,0.36255755022619257
715,0.4040179425706153
716,0.2889003120083945
717,0.5597411955808318
718,0.4949884918804868
719,0.4435779568433441
720,0.4004712023755757
721,0.5758385299145732
722,0.9867012533223009
723,0.2283020843093127
724,0.3168012446634322
725,0.4023130307538032
726,0.142345439381525
727,0.292894170959135
728,0.8297345799776841
729,0.5817364176418365
730,0.9030711089212564
731,0.5583040064565806
732,0.3487060360120729
733,0.6659745087123276
734,0.6642144180501796
735,0.4407222015264768
736,0.9114688480408317
737,0.6288636042477371
738,0.7952936300693044
739,0.5614766819934345
740,0.5821847238397109
741,0.6792926338450449
742,0.5067260054435334
743,0.894622570781822
744,0.2966144490474028
745,0.49605441558393654
746,0.9593852148890164
747,0.8927235600295228
748,0.3447266549101199
749,0.44665356869847234
750,0.4705773485817913
751,0.3332512323895876
752,0.44040262890320325
753,0.44470443988204444
754,0.7032569920533199
755,0.6647971966083589
756,0.9365032569335587
757,0.48104551552182684
758,0.8297345799776841
759,0.7960143796848882
760,0.16663478667491968
761,0.3867521926442483
762,0.34824191581699154
763,0.42874184975729424
764,0.3897029399154202
765,0.3324002871276712
766,0.3023107349424321
767,0.7171117917009342
768,0.5180901257216405
769,0.3413188875224854
770,0.5462338077884114
771,0.2853389295111824
772,0.43335664556118325
773,0.5437818716140627
774,0.41938724623787
775,0.23660771918229165
776,0.1722521268967796
777,0.9181543996136816
778,0.9867012533223009
779,0.42184727230086483
780,0.45193527103981684
781,0.9360722756620529
782,0.37786735575464936
783,0.9867012533223009
784,0.9437675720266006
785,0.9087593846692139
786,0.7016067936662718
787,0.4443553518818545
788,0.25196071878343257
789,0.9072592486362889
790,0.9678136672614246
791,0.3770442903428625
792,0.9420733501723771
793,0.6883837054670808
794,0.44022724562934235
795,0.35094451541703475
796,0.586829583197364
797,0.9638033609539933
798,0.6810489402242514
799,0.22949748455763863
800,0.6254705472076135
801,0.3464708119688285
802,0.3953723378388965
803,0.3591384791183331
804,0.3281403491962679
805,0.5208839138863314
806,0.3025434867452378
807,0.6756746793080267
808,0.6095779001245417
809,0.45045969446638584
810,0.35922823050437247
811,0.7419803448820931
812,0.6792926338450449
813,0.9834839472658451
814,0.24511835827126763
815,0.3771546975007949
816,0.36901478957600553
817,0.5747846031094709
818,0.5482283946284183
819,0.6287624320876535
820,0.5646575690317116
821,0.5922176538665931
822,0.40117604411594804
823,0.7253295387088811
824,0.9867012533223009
825,0.6323959614259803
826,0.2503586536218609
827,0.6004299186390025
828,0.9100680230419539
829,0.4932415954396604
830,0.3236040866297793
831,0.796185397111498
832,0.3523131356184864
833,0.4870127026493695
834,0.49565763353901127
835,0.941140495962705
836,0.48946907063282497
837,0.8297345799776841
838,0.462213042352939
839,0.33182776896527755
840,0.951688791323211
841,0.9638033609539933
842,0.39685387650220577
843,0.7850929665314671
844,0.9572049549266247
845,0.3491584950318002
846,0.5802534531880253
847,0.6627659824507283
848,0.647033964075909
849,0.6174172723861173
850,0.27095907096505445
851,0.43707332544434646
852,0.6277573388536031
853,0.8449480269841275
854,0.9714412632413731
855,0.8037509056255218
856,0.2977990653297808
857,0.33631205722098084
858,0.7423531253855858
859,0.33010832924014777
860,0.4252884722313669
861,0.4183770342168879
862,0.9404115912581614
863,0.41385662024814845
864,0.3285003824000875
865,0.5289849842831393
866,0.9730702637486847
867,0.7363696166548926
868,0.8933889970000287
869,0.2940294269778218
870,0.2448191070761825
871,0.46825503277551084
872,0.8073467451037168
873,0.3816345241710951
874,0.3680189573508457
875,0.6755403568390832
876,0.6840704139247629
877,0.5680727364236198
878,0.4621402717528158
879,0.5503638321179469
880,0.49407722389045866
881,0.4721023741304535
882,0.4810354463028656
883,0.29850849729696427
884,0.3768568092939326
885,0.8800820093708234
886,0.6145541583307734
887,0.6006593821168309
888,0.8420729558020092
889,0.9356318283925349
890,0.581365590200404
891,0.9398332823062008
892,0.8059026033276512
893,0.9652420934812115
894,0.7660737432952998
895,0.29614858713840353
896,0.4090230919188194
897,0.7997774566643974
898,0.9606494784956109
899,0.6792926338450449
900,0.48231147133283897
901,0.6533039447951985
902,0.638278900769295
903,0.9400497007074825
904,0.4276652376625462
905,0.5081766928259203
906,0.4153652208256433
907,0.9311402108614076
908,0.4191937362104181
909,0.5698375500144339
910,0.8721747870223046
911,0.4205171455990639
912,0.6679305901800858
913,0.9554959811518151
914,0.915295589709231
915,0.3668040902942208
916,0.15906146669212579
917,0.7466890789651529
918,0.3517535055233588
919,0.4129682740697077
920,0.7062843419619748
921,0.9023438530095649
922,0.8868828922158867
923,0.1792551951119744
924,0.9595598913488173
925,0.7963795790710972
926,0.3883875645837265
927,0.7654483773691184
928,0.42103502595348546
929,0.3648070602809666
930,0.38689372905604436
931,0.6319778153116546
932,0.333567315115678
933,0.4893952249589609
934,0.16457235877944212
935,0.47420746154955484
936,0.9638033609539933
937,0.4621571250168953
938,0.4412117286709812
939,0.5837152774842541
940,0.7331101313577908
941,0.46227294938884916
942,0.464487232027375
943,0.6815562279920374
944,0.408922838495739
945,0.40004129981347203
946,0.5535533300733655
947,0.4110859595583742
948,0.6965893204941173
949,0.9595109704546109
950,0.6729296163304898
951,0.3945015002491552
952,0.7717977951254124
953,0.9867012533223009
954,0.9867012533223009
955,0.42874184975729424
956,0.9868090078601767
957,0.9595109704546109
958,0.7372591401130013
959,0.38282051084668567
960,0.2778336857192176
961,0.7816764493991035
962,0.6965893204941173
963,0.9343436990589628
964,0.8325674602132574
965,0.8677846254441335
966,0.8328820363599343
967,0.4605527200149269
968,0.9730008495610613
969,0.26035211080802034
970,0.4995989402426852
971,0.477667913878347
972,0.33783719459237593
973,0.5354030413821975
974,0.5316326374425858
975,0.7158778040742565
976,0.4118434479276726
977,0.9506486325734034
978,0.6021284970152401
979,0.5437469109785913
980,0.9867012533223009
981,0.21409821295914594
982,0.5491300944021199
983,0.5523804785034628
984,0.8199612387906294
985,0.846632187410221
986,0.4777051093235368
987,0.7733484748086594
988,0.9833341092768223
989,0.337198881777934
990,0.6706105231994524
991,0.37852359592541274
992,0.32134298477085016
993,0.5103709249474406
994,0.5093242005725533
995,0.40323665436187783
996,0.5655902935262648
997,0.554317661068827
998,0.13614914799898392
999,0.30684483513338673
1000,0.3916690491130002
1001,0.9291900081491334
1002,0.931920506455122
1003,0.3960116362875664
1004,0.7067238523952811
1005,0.9047458237187546
1006,0.218672099463328
1007,0.42133045182177314
1008,0.9070830621123835
1009,0.6296518169985053
1010,0.5408136835799666
1011,0.9461632334990995
1012,0.35773292381061966
1013,0.6050570407745217
1014,0.4112367014500076
1015,0.5749297395371386
1016,0.5673475225396384
1017,0.5559504548360352
1018,0.8328820363599343
1019,0.8483189846925409
1020,0.365055459951584
1021,0.8826623257474128
1022,0.4550794981206749
1023,0.33169027666019724
1024,0.9861651884920016
1025,0.7324386469728728
1026,0.501738348092653
1027,0.6103973576874034
1028,0.13017286810320366
1029,0.9025359798963802
1030,0.7048729831190194
1031,0.8899902578305637
1032,0.9638033609539933
1033,0.10600228154218772
1034,0.9431616113663013
1035,0.30742334421325684
1036,0.3828483819158113
1037,0.35961552531091645
1038,0.3624871126326536
1039,0.3976796746519534
1040,0.27516777403210807
1041,0.7315700511307043
1042,0.775005870283727
1043,0.3635787539482774
1044,0.545984928053502
1045,0.8665407083089577
1046,0.5447195265854891
1047,0.9834839472658451
1048,0.9205258666804709
1049,0.9506110884517469
1050,0.6792926338450449
1051,0.512464337349834
1052,0.32176062621241946
1053,0.7000860122665415
1054,0.3127020029456259
1055,0.9867012533223009
1056,0.4228709377569654
1057,0.2741890760741521
1058,0.5167175271397698
1059,0.4507569557873042
1060,0.41727925664884036
1061,0.9502692885585664
1062,0.5095923821171691
1063,0.30917575894734645
1064,0.60014392697567
1065,0.41626925635075535
1066,0.9056738675297149
1067,0.5169621851073258
1068,0.5063382945021786
1069,0.586224751270338
1070,0.7334938856743428
1071,0.6293396309599256
1072,0.6485510267558067
1073,0.6799422481991949
1074,0.33845928418428967
1075,0.832617534013429
1076,0.9319572081979438
1077,0.3798031625178658
1078,0.9867012533223009
1079,0.7186083856894158
1080,0.5302507447053524
1081,0.9617333309193594
1082,0.6412837776666841
1083,0.517241624476984
1084,0.5290936482639158
1085,0.9571327306138753
1086,0.5231087719624876
1087,0.9638033609539933
1088,0.5706177964177798
1089,0.3216922814835841
1090,0.6258098091724388
1091,0.5726838405420859
1092,0.6792926338450449
1093,0.18650702675000663
1094,0.9469631087631556
1095,0.3778886458753323
1096,0.43271980320540737
1097,0.647033964075909
1098,0.9867012533223009
1099,0.39472541872555184
1100,0.2953299645935092
1101,0.22315569034752786
1102,0.416255929252265
1103,0.4604075020102874
1104,0.9374287184727802
1105,0.8921686088144735
1106,0.8939700522981973
1107,0.6792926338450449
1108,0.21766454814810768
1109,0.45824522702735304
1110,0.34969890755245714
1111,0.8899902578305637
1112,0.49950365162760557
1113,0.3295536019592018
1114,0.3257259265810197
1115,0.3685613344518837
1116,0.24897545323061648
1117,0.8654750500894205
1118,0.9589832067584335
1119,0.9239656451382459
1120,0.9242805398903078
1121,0.860048531089366
1122,0.3433458766871997
1123,0.8700947047986669
1124,0.35299727556548754
1125,0.1494293039205743
1126,0.9617333309193594
1127,0.3981823536932471
1128,0.3801499930934964
1129,0.9360901234710435
1130,0.9101506950151231
1131,0.418154859028649
1132,0.613301016395995
1133,0.8899902578305637
1134,0.5015522327509819
1135,0.35702980538757156
1136,0.5049158403402054
1137,0.39248945977941607
1138,0.5020302664019485
1139,0.7675004412000657
1140,0.43907254280867514
1141,0.3892299548416421
1142,0.397973475913438
1143,0.5299341914959155
1144,0.41138875752312964
1145,0.6787036484597749
1146,0.9867012533223009
1147,0.8438553208618063
1148,0.5856177151201386
1149,0.6167023035972395
1150,0.912407225256769
1151,0.43596643175476674
1152,0.9595109704546109
1153,0.9867012533223009
1154,0.5708399519110272
1155,0.22392242761802286
1156,0.9417643635191202
1157,0.5149058926441009
1158,0.9536885539603084
1159,0.9370562862230852
1160,0.35596271040932187
1161,0.1366965258903777
1162,0.7956263702713311
1163,0.39247550528138503
1164,0.3225377887190813
1165,0.8002713011267031
1166,0.6706105231994524
1167,0.398398612670991
1168,0.19515767909752874
1169,0.266535992080977
1170,0.7803625587923235
1171,0.8828971396089672
1172,0.9851185503144895
1173,0.3468829837365899
1174,0.21551319027833116
1175,0.5708399519110272
1176,0.6418489747568543
1177,0.4560267734016817
1178,0.5583040064565806
1179,0.9611134318533184
1180,0.9869925760518075
1181,0.4191709592757632
1182,0.48554176333319693
1183,0.5371464542937239
1184,0.5161077170120835
1185,0.6224985154346125
1186,0.5321758127205669
1187,0.9058107122262211
1188,0.5475683738000274
1189,0.32569348113828916
1190,0.581479160268213
1191,0.3017356403507667
1192,0.9665120095909335
1193,0.39186213837226974
1194,0.9867012533223009
1195,0.698433046785163
1196,0.8788849368970262
1197,0.894622570781822
1198,0.9023234836934789
1199,0.9687224099028207
1200,0.4770829623228645
1201,0.7918341873199439
1202,0.701825535584551
1203,0.5403990510508817
1204,0.35816183374210697
1205,0.30448755493313956
1206,0.5162966194236901
1207,0.6417985952126146
1208,0.9237364953914523
1209,0.6962047733923719
1210,0.9867012533223009
1211,0.4301367764852628
1212,0.4246701272823929
1213,0.9384019824820858
1214,0.8526790214270781
1215,0.9595109704546109
1216,0.7271199953351107
1217,0.40046646873755026
1218,0.2008320502755722
1219,0.9638033609539933
1220,0.605990707400161
1221,0.8173394252476475
1222,0.37076960118743835
1223,0.11457899048085746
1224,0.3587388134906693
1225,0.4975894541042012
1226,0.3843788202279964
1227,0.5170402737048806
1228,0.4482597904925043
1229,0.37628656049357556
1230,0.9360901234710435
1231,0.21919525769530546
1232,0.25420530753051696
1233,0.8297345799776841
1234,0.7900383505668301
1235,0.5614766819934345
1236,0.2981281397555803
1237,0.9638033609539933
1238,0.7412930545731492
1239,0.6597538320927101
1240,0.9558035286758274
1241,0.43972183183087915
1242,0.6706568103597867
1243,0.6965893204941173
1244,0.6223496681102779
1245,0.7106646203298645
1246,0.6238554897633838
1247,0.9638033609539933
1248,0.28158584413181803
1249,0.9150004343660029
1250,0.5802534531880253
1251,0.9106349989860699
1252,0.7784663726131091
1253,0.37434916343524327
1254,0.6331202449055415
1255,0.6792926338450449
1256,0.9402441845713218
1257,0.9071114168020246
1258,0.39380868488013654
1259,0.9723979178679402
1260,0.937010970762045
1261,0.4569802308000349
1262,0.601442342211302
1263,0.8310268860861402
1264,0.34675829822689547
1265,0.8630018460024645
1266,0.3448109558714445
1267,0.6642144180501796
1268,0.28868196764196646
1269,0.3529096501615032
1270,0.9169795095288574
1271,0.956815037237756
1272,0.9407213121093995
1273,0.4690620763210927
1274,0.35005379726978375
1275,0.5802534531880253
1276,0.8269960288130767
1277,0.34469937045114507
1278,0.7786593785489773
1279,0.9412108877841526
1280,0.4025824393481595
1281,0.23994749464374418
1282,0.6883837054670808
1283,0.5680345120211139
1284,0.31460634097982443
1285,0.9621463979392606
1286,0.7537139321318901
1287,0.3710476663851462
1288,0.49424049718498503
1289,0.46824379903247454
1290,0.5275962023537499
1291,0.36217761816850924
1292,0.5472975820065054
1293,0.9638033609539933
1294,0.17215736631571923
1295,0.4491953949704174
1296,0.9783896003489939
1297,0.9200312544177083
1298,0.4080903779161677
1299,0.6307074499805371
1300,0.7528272243105713
1301,0.450521388766352
1302,0.2687713285121962
1303,0.8921686088144735
1304,0.49441596534065013
1305,0.32464187841161996
1306,0.9723979178679402
1307,0.717982834534622
1308,0.510475123897049
1309,0.7873120940656789
1310,0.3057979656954434
1311,0.3604654214522112
1312,0.2484790925198341
1313,0.5971195816850303
1314,0.3318932049164386
1315,0.5613859144777391
1316,0.878317250015285
1317,0.4136327043321906
1318,0.3045193783150603
1319,0.3913231215785799
1320,0.878317250015285
1321,0.8329675258099367
1322,0.5983464602822762
1323,0.590584211261026
1324,0.5513382308986119
1325,0.4638045569523412
1326,0.5598425097659866
1327,0.7886674488526748
1328,0.9557381731495996
1329,0.6088083944072207
1330,0.5682829025261716
1331,0.3422316100934882
1332,0.7985709018827806
1333,0.501052484496917
1334,0.7304773586702101
1335,0.9683132683073596
1336,0.6761673492187207
1337,0.9638033609539933
1338,0.37440766725413527
1339,0.42927664266630183
1340,0.35657049055594825
1341,0.4032602180486069
1342,0.7533020382805001
1343,0.8297345799776841
1344,0.4657249562853151
1345,0.40824621222491225
1346,0.39138174159832934
1347,0.9245183892879463
1348,0.41071759751539383
1349,0.8841614295634755
1350,0.4777252589939941
1351,0.8745194497456092
1352,0.3465921359951901
1353,0.933467070808792
1354,0.3594099365101836
1355,0.6597538320927101
1356,0.21443061073993336
1357,0.3061121919859522
1358,0.42315705935614806
1359,0.7636035586489812
1360,0.586829583197364
1361,0.6840504482772085
1362,0.3424220928427578
1363,0.8899902578305637
1364,0.5931242594845252
1365,0.2856507848517666
1366,0.4803762800850761
1367,0.7146925672305268
1368,0.7256092580653758
1369,0.7601269848755516
1370,0.3085661146889392
1371,0.25952362239950305
1372,0.36851770125985445
1373,0.9711557748859142
1374,0.5516366399092907
1375,0.9605925515105329
1376,0.6323959614259803
1377,0.835470897170351
1378,0.9833341092768223
1379,0.3721715468561142
1380,0.24453662181738514
1381,0.8328820363599343
1382,0.8767177772872493
1383,0.3728327234462346
1384,0.5424610120035642
1385,0.5022320611059025
1386,0.8757966727908747
1387,0.30703751027071474
1388,0.4358939519334349
1389,0.8982733908287859
1390,0.290578328275487
1391,0.32265492847177224
1392,0.6533039447951985
1393,0.2693983629907764
1394,0.9256805445201239
1395,0.5275527312292662
1396,0.5685091413871995
1397,0.9602305455033701
1398,0.9869925760518075
1399,0.5019962499324012
1400,0.3508023610164731
1401,0.9526561454304416
1402,0.42542846117837485
1403,0.3027513566391167
1404,0.12945377522332702
1405,0.4223008776251787
1406,0.9297756336380545
1407,0.3261711911099211
1408,0.7557247474837101
1409,0.43475738247120715
1410,0.6804090052563607
1411,0.3067918407941712
1412,0.8886550274749665
1413,0.5624385165296841
1414,0.6792926338450449
1415,0.950001827468079
1416,0.30005069565262354
1417,0.9052137006027029
1418,0.764148455665765
1419,0.8352938608521691
1420,0.6792926338450449
1421,0.7920574734657364
1422,0.3526882399639345
1423,0.8297345799776841
1424,0.8899902578305637
1425,0.8477579433489549
1426,0.321330162772828
1427,0.9114688480408317
1428,0.47841299424817146
1429,0.5253335968972771
1430,0.5853813603810429
1431,0.3433753245366231
1432,0.7408665810901731
1433,0.9058107122262211
1434,0.9617150735640082
1435,0.3478758265956539
1436,0.9117650198661246
1437,0.7420138214972438
1438,0.3720371257878134
1439,0.6919578035595415
1440,0.40212237668610906
1441,0.6048178190729044
1442,0.12096261361268108
1443,0.6533039447951985
1444,0.9678136672614246
1445,0.6639040496274392
1446,0.33574913489252517
1447,0.41328294305522256
1448,0.5193332397341934
1449,0.16736975864028822
1450,0.44527910403475374
1451,0.5001612436013656
1452,0.370357288181833
1453,0.5382799037675181
1454,0.9232375671944661
1455,0.26035211080802034
1456,0.6977393282304871
1457,0.6713240907021608
1458,0.6792926338450449
1459,0.9602075455415542
1460,0.9285138236736319
1461,0.3611906079017597
1462,0.5111552438982573
1463,0.6363206128949529
1464,0.4941202340069201
1465,0.9641865295521119
1466,0.9400497007074825
1467,0.6474788347892286
1468,0.33517782488300973
1469,0.2542908295380869
1470,0.9593852148890164
1471,0.9586047776084766
1472,0.9631212600772139
1473,0.3163702779603277
1474,0.5605090104930981
1475,0.3497225512769704
1476,0.6560589785301629
1477,0.8297345799776841
1478,0.8806414926385697
1479,0.9665120095909335
1480,0.7845553866240738
1481,0.5446543221220085
1482,0.7935330299279307
1483,0.9595109704546109
1484,0.37202714386989416
1485,0.4260167234032489
1486,0.3789848132434501
1487,0.5320155736083704
1488,0.935981408438599
1489,0.9479139861611551
1490,0.09785745869084696
1491,0.4518318756921437
1492,0.9319572081979438
1493,0.5546726998032877
1494,0.34850604905197796
1495,0.9867012533223009
1496,0.17253164473175817
1497,0.9617333309193594
1498,0.8297345799776841
1499,0.6791588159661441
1500,0.9657052024499676
1501,0.35480725860437434
1502,0.9412248869230819
1503,0.39623211715824974
1504,0.9188501342583364
1505,0.9867012533223009
1506,0.44081596098945336
1507,0.6517497679644071
1508,0.3987039004469029
1509,0.5477678315248623
1510,0.20637731217606192
1511,0.37984913615719135
1512,0.9400497007074825
1513,0.6062520518602624
1514,0.9024328735266306
1515,0.8328820363599343
1516,0.3533323705698424
1517,0.5684887478479504
1518,0.7986787868298271
1519,0.4980768059001119
1520,0.599296393706399
1521,0.9501483706409207
1522,0.1494293039205743
1523,0.39064815540205045
1524,0.551832084271051
1525,0.5519958203835553
1526,0.4407109804995058
1527,0.9541840687299276
1528,0.2336463168185156
1529,0.4849005666725787
1530,0.9654350721022682
1531,0.700743966503652
1532,0.9380734414981775
1533,0.25020981733452174
1534,0.9593852148890164
1535,0.41740146088927804
1536,0.8189919862280111
1537,0.8501021697080134
1538,0.5457802913064863
1539,0.40217560172762545
1540,0.8899902578305637
1541,0.9397146522528762
1542,0.9396926936007711
1543,0.8908561584763395
1544,0.9212818536248906
1545,0.6713240907021608
1546,0.9259624667077494
1547,0.9392566066840952
1548,0.9617333309193594
1549,0.6592722058349464
1550,0.6276199345661758
1551,0.8297345799776841
1552,0.7620509604996956
1553,0.9762094280493642
1554,0.34518208139267587
1555,0.9508867972488065
1556,0.2992346682115005
1557,0.42527498522721674
1558,0.3762610699437039
1559,0.4415272156216051
1560,0.672828224224048
1561,0.8468539943109485
1562,0.40889774851392274
1563,0.9844510659343069
1564,0.4955177979668545
1565,0.15758765763629967
1566,0.9400497007074825
1567,0.9666445749495954
1568,0.9613939115680589
1569,0.174174893081503
1570,0.30866195913680955
1571,0.9131120386618163
1572,0.5290596114645745
1573,0.8481905858481821
1574,0.2739749163586073
1575,0.503160494383662
1576,0.4451853287308078
1577,0.5563371914555741
1578,0.8540676696302908
1579,0.8983975906455359
1580,0.9723979178679402
1581,0.35606097900784306
1582,0.9363060260768878
1583,0.4625194167994549
1584,0.6368737114569683
1585,0.3891890176416096
1586,0.30866935927331823
1587,0.2649411708418658
1588,0.380273191108343
1589,0.4859844093125057
1590,0.6525715017996823
1591,0.5319909258635368
1592,0.3719263598790693
1593,0.42967361035968327
1594,0.6707538702238396
1595,0.4390698586045062
1596,0.43419276689520603
1597,0.39683144149318283
1598,0.9865110303978367
1599,0.9778266236706733
1600,0.9595109704546109
1601,0.7128566943861211
1602,0.5547766614757129
1603,0.45363196785775606
1604,0.7594470681517909
1605,0.4175656382274453
1606,0.9309212435612492
1607,0.7959820243121579
1608,0.8851183927247435
1609,0.9518820952843695
1610,0.22829271004676865
1611,0.9723979178679402
1612,0.5580064169937416
1613,0.3645238478825355
1614,0.22464007264506525
1615,0.6275947812845527
1616,0.6899968293704237
1617,0.4847742515523446
1618,0.6956478291267065
1619,0.3424581124488545
1620,0.5253979731904915
1621,0.4741197398190486
1622,0.6317844000999185
1623,0.09451656096797999
1624,0.9084176099326247
1625,0.5809497605616141
1626,0.23030899575124764
1627,0.5799346593904535
1628,0.9867012533223009
1629,0.29756255330361303
1630,0.7592620279684754
1631,0.9638033609539933
1632,0.3453099964725654
1633,0.9469631087631556
1634,0.35818462239056387
1635,0.3812697428959833
1636,0.28435263126308874
1637,0.4019128804198158
1638,0.8027680966254569
1639,0.26525788982995246
1640,0.3426482938599228
1641,0.31718498077181917
1642,0.4684563313318767
1643,0.6088083944072207
1644,0.6302098761100532
1645,0.5319373599421915
1646,0.5832811014113894
1647,0.938751956489474
1648,0.4501528501012287
1649,0.9415059342447345
1650,0.8890630072201963
1651,0.9750168786779555
1652,0.6706105231994524
1653,0.7858293976390466
1654,0.6525715017996823
1655,0.7733575339473693
1656,0.380272011968278
1657,0.5361649311236246
1658,0.3703473625329617
1659,0.4046333479011948
1660,0.5605090104930981
1661,0.4145856880368668
1662,0.8981464417311934
1663,0.7796880305403746
1664,0.3144921071024527
1665,0.7376776613217396
1666,0.9154095094191373
1667,0.7470441400260743
1668,0.2988434037122291
1669,0.5548000892077241
1670,0.40104325989176653
1671,0.16576291114707697
1672,0.7419803448820931
1673,0.4113586797279168
1674,0.15758765763629967
1675,0.3455867953146983
1676,0.36251329950933425
1677,0.22251863745020645
1678,0.8759313890238548
1679,0.5423450226602523
1680,0.6792926338450449
1681,0.8432369398574124
1682,0.8297345799776841
1683,0.6918520745305703
1684,0.6533039447951985
1685,0.9678244446994496
1686,0.9499122519925729
1687,0.46228398498459466
1688,0.5992054008046711
1689,0.4182351452333429
1690,0.29718833438077824
1691,0.574359566309064
1692,0.3789848132434501
1693,0.9480937501752783
1694,0.6799422481991949
1695,0.9301762450992934
1696,0.836152712239779
1697,0.5389344524400029
1698,0.6287770791646737
1699,0.2349975738244951
1700,0.17824886821885647
1701,0.9638033609539933
1702,0.43855149581183245
1703,0.29243768980053564
1704,0.3443042934596669
1705,0.12012853891181617
1706,0.9703051856655394
1707,0.5809497605616141
1708,0.7952993381139375
1709,0.9867012533223009
1710,0.2949135394419788
1711,0.5606337071780498
1712,0.7385982683800482
1713,0.42769590127855245
1714,0.6812918649942776
1715,0.6592722058349464
1716,0.8297345799776841
1717,0.9867012533223009
1718,0.9285772364625886
1719,0.6185761966647095
1720,0.7683841275642812
1721,0.831535520768072
1722,0.806027364031787
1723,0.22762389700924307
1724,0.25757766427799755
1725,0.5190487402335089
1726,0.8486231182337269
1727,0.30448755493313956
1728,0.6935137292086254
1729,0.9652420934812115
1730,0.5686179985867968
1731,0.35810526263300424
1732,0.8310268860861402
1733,0.625178713737768
1734,0.8899902578305637
1735,0.3074276669393561
1736,0.9400949996920326
1737,0.5681412302198586
1738,0.42176451596621795
1739,0.4773014509550563
1740,0.3230137093048988
1741,0.9867012533223009
1742,0.49437763831559045
1743,0.35645811243537673
1744,0.3783865097591336
1745,0.3460786297534118
1746,0.9627758700518337
1747,0.3443042934596669
1748,0.9364985118110419
1749,0.4761147096122314
1750,0.3510132204057256
1751,0.3684931062983351
1752,0.9593852148890164
1753,0.9613939115680589
1754,0.5222279659766731
1755,0.46098533464551705
1756,0.5364138756301597
1757,0.8071238645648625
1758,0.9292200049494995
1759,0.3546599574937508
1760,0.5661411771790396
1761,0.28239071657689746
1762,0.5927594643300752
1763,0.45045969446638584
1764,0.9629447551901003
1765,0.50211780590061
1766,0.9867012533223009
1767,0.9869925760518075
1768,0.33969594292665845
1769,0.9400497007074825
1770,0.33353852168458636
1771,0.8290271000079188
1772,0.17834240055163098
1773,0.7840040566763685
1774,0.4289930025795706
1775,0.9638033609539933
1776,0.9378689870574278
1777,0.6583621282099911
1778,0.30221973931553786
1779,0.5830773129553879
1780,0.30866935927331823
1781,0.0988056872691639
1782,0.5025403470181307
1783,0.38080610035407547
1784,0.36558035432099767
1785,0.9595109704546109
1786,0.8145718763909326
1787,0.629355838270445
1788,0.7072541260965484
1789,0.5223162597931214
1790,0.318011007312692
1791,0.5510993119071477
1792,0.4550631963628316
1793,0.1408566460183033
1794,0.9209352280594517
1795,0.28717577886593576
1796,0.14146207026498137
1797,0.5875527704249559
1798,0.8886140500960826
1799,0.9252292942574469
1800,0.19073129305235778
1801,0.605990707400161
1802,0.9377624668164483
1803,0.37850757839996024
1804,0.3928615817401395
1805,0.33373921042611165
1806,0.9219044277858512
1807,0.3960080494243028
1808,0.38013827960475155
1809,0.8983975906455359
1810,0.47942353381187097
1811,0.15255318947497734
1812,0.3734409204800096
1813,0.5858265544817185
1814,0.8971145057947888
1815,0.9532591273717272
1816,0.33949608019469796
1817,0.5400953994180646
1818,0.6402690693943432
1819,0.13368243549517497
1820,0.4829125191373385
1821,0.342205147445614
1822,0.3646935769071562
1823,0.8316417125135683
1824,0.31537000019422606
1825,0.6283703649032026
1826,0.8671617198853284
1827,0.739312272333943
1828,0.45352679030607057
1829,0.4087626288829588
1830,0.601028667820886
1831,0.7808887442751075
1832,0.9008834927297759
1833,0.3415465747452955
1834,0.5716836604124249
1835,0.9325556692625498
1836,0.517241624476984
1837,0.7093145762380062
1838,0.32751765390934545
1839,0.8899902578305637
1840,0.3031570939457581
1841,0.19408480005032644
1842,0.5962229381567247
1843,0.46382580846974597
1844,0.730758061221548
1845,0.6957707142562645
1846,0.9374324844220415
1847,0.3773123780056348
1848,0.9867012533223009
1849,0.5077333439706077
1850,0.6547963820959463
1851,0.40243650462930924
1852,0.3569796921607024
1853,0.76806871266118
1854,0.6627659824507283
1855,0.7997774566643974
1856,0.9851185503144895
1857,0.7997774566643974
1858,0.893037744070569
1859,0.9585539712725332
1860,0.2960287143163068
1861,0.3949589889688671
1862,0.5045243983945311
1863,0.7980905663189601
1864,0.7980639986016759
1865,0.9154655924491384
1866,0.46913290462938084
1867,0.9474841349223528
1868,0.15721644635563978
1869,0.36690162724492775
1870,0.6213579887535344
1871,0.5103193475825397
1872,0.5739029447311607
1873,0.3444132641355962
1874,0.94610052955094
1875,0.3821532648590453
1876,0.6355556239983071
1877,0.28027949432221383
1878,0.43802386679489214
1879,0.30037370118825807
1880,0.3285406913115816
1881,0.3898113024369547
1882,0.28953393683725964
1883,0.39536625819417603
1884,0.3944479649245079
1885,0.8528132420858744
1886,0.9195192173482961
1887,0.8013266220174236
1888,0.3081570149615739
1889,0.9157744076424623
1890,0.9593852148890164
1891,0.9376237570821987
1892,0.3981823536932471
1893,0.5127659866542749
1894,0.28399941600910295
1895,0.34890413288809957
1896,0.40344741652718835
1897,0.5016982779176997
1898,0.9867012533223009
1899,0.4236833608670312
1900,0.3831866001031943
1901,0.31180519912672455
1902,0.5490609486403792
1903,0.6212375715348593
1904,0.37489363215527155
1905,0.2442413382693078
1906,0.9357819171781553
1907,0.9056738675297149
1908,0.4312641588587873
1909,0.5222279659766731
1910,0.36107284924730465
1911,0.8597377115758528
1912,0.43304561293087246
1913,0.8899902578305637
1914,0.6516984731884554
1915,0.965493863261612
1916,0.535150005115192
1917,0.384965225293231
1918,0.9058107122262211
1919,0.6440225997654137
1920,0.4813515992828493
1921,0.9588028055870871
1922,0.9427653005986478
1923,0.3843806736299767
1924,0.32249995924439606
1925,0.9047585346294473
1926,0.9712635833636752
1927,0.9437675720266006
1928,0.8944846836133798
1929,0.6739682111193868
1930,0.424975107722034
1931,0.4534399111244243
1932,0.8652749305243069
1933,0.9197270368149718
1934,0.28164188851382116
1935,0.7432194259433667
1936,0.3361053588454359
1937,0.6141514731866978
1938,0.16374011913165387
1939,0.6507701343249286
1940,0.9636462664359006
1941,0.897646909782209
1942,0.5580392807302007
1943,0.21065666092192606
1944,0.5446500117023317
1945,0.9309925760546344
1946,0.4174766257204969
1947,0.42611804134710823
1948,0.6138753262010577
1949,0.9869925760518075
1950,0.31760750831344714
1951,0.30589250652613514
1952,0.5516366399092907
1953,0.37182611003890265
1954,0.48805791159583756
1955,0.4583899695951459
1956,0.2218104444793549
1957,0.331755808464409
1958,0.35779503486389536
1959,0.9867012533223009
1960,0.15285481527065647
1961,0.41415668793761623
1962,0.42922072423313495
1963,0.935171284376195
1964,0.47677075247821976
1965,0.3944479649245079
1966,0.3565626654732174
1967,0.6299632437343045
1968,0.44774784515913396
1969,0.4675028620169956
1970,0.46385287150486276
1971,0.3394766116705658
1972,0.3851293715250401
1973,0.6691289913079818
1974,0.21447932224660485
1975,0.417846432646257
1976,0.9506110884517469
1977,0.5016017435733597
1978,0.8902820229706788
1979,0.36769734648703284
1980,0.3826420450050051
1981,0.3596236441571771
1982,0.43681502843188347
1983,0.37114681460829374
1984,0.3816617989325852
1985,0.7654896208360331
1986,0.44765859182009343
1987,0.3908337907700516
1988,0.3757528611901234
1989,0.43939764491291633
1990,0.3662358340416864
1991,0.8982733908287859
1992,0.9452360741812693
1993,0.9867012533223009
1994,0.517732654171854
1995,0.7854894023954995
1996,0.6876450978296205
1997,0.3467925149067401
1998,0.5035861831677829
1999,0.4906005820717465
2000,0.3479136111955812
2001,0.38494078178272384
2002,0.5285618145119897
2003,0.9583668975158014
2004,0.8795797427040011
2005,0.7850929665314671
2006,0.866719315253441
2007,0.9573835916006849
2008,0.6048178190729044
2009,0.9299115711599876
2010,0.9313552381002265
2011,0.3835098012700915
2012,0.3846631410655672
2013,0.5203595126762895
2014,0.5211892459414098
2015,0.9867012533223009
2016,0.45138639124315183
2017,0.37414868425847614
2018,0.2960287143163068
2019,0.38455142157941913
2020,0.4333170675675305
2021,0.8299613898844294
2022,0.5439808183082006
2023,0.4412149451359276
2024,0.8899902578305637
2025,0.26174226243947984
2026,0.9053305739236359
2027,0.442011108502447
2028,0.2959288060589149
2029,0.24582906228248705
2030,0.6713240907021608
2031,0.639862947561963
2032,0.6365771760268654
2033,0.5496433876187553
2034,0.9606216730932143
2035,0.9665120095909335
2036,0.9237203536948027
2037,0.8163088554374813
2038,0.2778409870108454
2039,0.9535936125056933
2040,0.19797141221331496
2041,0.14511957350156607
2042,0.3414415572592923
2043,0.9867012533223009
2044,0.8818789259236882
2045,0.6971039411733292
2046,0.9785424930886372
2047,0.8297345799776841
2048,0.6792926338450449
2049,0.30090015450610774
2050,0.7957574826662491
2051,0.1736142422079523
2052,0.8771776309444947
2053,0.12963978006130242
2054,0.9189802622092564
2055,0.8447297408758185
2056,0.4516628375957504
2057,0.9571327306138753
2058,0.7958471877795505
2059,0.5520764123549123
2060,0.5489820942429703
2061,0.1765598296368373
2062,0.624613647039075
2063,0.4759498797428033
2064,0.8669492574747262
2065,0.8899902578305637
2066,0.6848304655460741
2067,0.25174862124781894
2068,0.7523156469967311
2069,0.4795905162603043
2070,0.3370243387837378
2071,0.31556343357228595
2072,0.39685387650220577
2073,0.6790426641906607
2074,0.6123173269928243
2075,0.8927367869899059
2076,0.961704342719038
2077,0.39146354204701517
2078,0.5613859144777391
2079,0.3591139234074858
2080,0.9616293637083118
2081,0.4231094000529373
2082,0.8734746227684257
2083,0.681121570398212
2084,0.9801602789794442
2085,0.8871818539427612
2086,0.9030711089212564
2087,0.5916404322717337
2088,0.35570310856881543
2089,0.5095923821171691
2090,0.9834839472658451
2091,0.4337403290974414
2092,0.9319572081979438
2093,0.4986150075050968
2094,0.29163637331242975
2095,0.491820972811911
2096,0.37285328526765854
2097,0.8890118816187643
2098,0.9867012533223009
2099,0.386437472637421
2100,0.292612347797804
2101,0.39800230468616304
2102,0.2909075253022156
2103,0.3573936686412584
2104,0.41323945594129646
2105,0.9001056028539692
2106,0.43376589467168764
2107,0.9869925760518075
2108,0.2784574807087525
2109,0.9638033609539933
2110,0.9255140531543886
2111,0.9641865295521119
2112,0.53973749464484
2113,0.93752525124921
2114,0.5802534531880253
2115,0.9241643460582242
2116,0.19642410299273952
2117,0.31634494738696567
2118,0.9206158127154015
2119,0.2920498515521069
2120,0.9619711335865927
2121,0.5972545344377452
2122,0.35818462239056387
2123,0.4621940669496102
2124,0.9259043440386185
2125,0.5758515257464187
2126,0.4476682395956741
2127,0.6078913861848264
2128,0.6306602779787311
2129,0.34833427068337974
2130,0.8447297408758185
2131,0.9638033609539933
2132,0.9785424930886372
2133,0.6597578988361449
2134,0.9670426711313019
2135,0.37368944353959777
2136,0.4783326414498022
2137,0.39990159791104246
2138,0.5475070343555337
2139,0.42532197683754075
2140,0.47472707943919323
2141,0.4934519214082415
2142,0.5050057999386982
2143,0.3631389245967681
2144,0.4932415954396604
2145,0.22795996691495812
2146,0.3298302292136093
2147,0.9315331413559951
2148,0.38113963715784505
2149,0.6464640714796165
2150,0.9574345591927792
2151,0.4344773106214841
2152,0.34524800473193074
2153,0.4052060004075396
2154,0.3097232693930969
2155,0.8984192733602204
2156,0.8023770917915495
2157,0.7186083856894158
2158,0.1852861949013889
2159,0.8301556561204848
2160,0.2942477930626203
2161,0.44890773871654255
2162,0.8485165894760811
2163,0.5673743473815818
2164,0.53973749464484
2165,0.4754640313782261
2166,0.9638033609539933
2167,0.9691196392103344
2168,0.3424581124488545
2169,0.8712157212810401
2170,0.42490789731889755
2171,0.7529964401501034
2172,0.3823482735820293
2173,0.5516366399092907
2174,0.6525715017996823
2175,0.6186565115525977
2176,0.3200213975588836
2177,0.5557653864532905
2178,0.47474575728929824
2179,0.9175968858110279
2180,0.6533039447951985
2181,0.7610815954232862
2182,0.9613939115680589
2183,0.39115376806654095
2184,0.32533622555942276
2185,0.9629447551901003
2186,0.6060235711450919
2187,0.8838804974108531
2188,0.8899902578305637
2189,0.23989363439308486
2190,0.9028696829123757
2191,0.23425059574350338
2192,0.5296444261091026
2193,0.2923522957503896
2194,0.382409124450896
2195,0.24406850892461862
2196,0.5057261148108175
2197,0.5797033962366381
2198,0.931871256638389
2199,0.33513503106616704
2200,0.7708447842700629
2201,0.35024435558706263
2202,0.9867012533223009
2203,0.6792926338450449
2204,0.6989873568099347
2205,0.5262134398661663
2206,0.9583355046088777
2207,0.39951780970246864
2208,0.9237657441194711
2209,0.8037509056255218
2210,0.29768949759670627
2211,0.8975212716220006
2212,0.5836149116598393
2213,0.8299105247332247
2214,0.5998807738586764
2215,0.9723979178679402
2216,0.5526763032702893
2217,0.48748865344490566
2218,0.33623489065473766
2219,0.333418295781559
2220,0.33446224162070065
2221,0.9403142501670538
2222,0.8274273083483613
2223,0.6471137630194405
2224,0.4577224940862924
2225,0.6906765670410752
2226,0.3967620882716131
2227,0.9851185503144895
2228,0.4471386164976441
2229,0.598071876975139
2230,0.9125311360354267
2231,0.5228230888673654
2232,0.6792604353408906
2233,0.2777371459627968
2234,0.9595109704546109
2235,0.4269093410793533
2236,0.29919751900259134
2237,0.3923196508618996
2238,0.542390289246124
2239,0.45132639133885727
2240,0.9869925760518075
2241,0.6031016019004548
2242,0.4989262069568923
2243,0.5037705746345524
2244,0.40731531654974445
2245,0.4497273180810616
2246,0.42103655901060544
2247,0.8731702860596863
2248,0.2773047267402607
2249,0.9783896003489939
2250,0.9654590871190761
2251,0.446731314843001
2252,0.9638033609539933
2253,0.23444409724829732
2254,0.38448292351457064
2255,0.6713240907021608
2256,0.6682603148279337
2257,0.8312354824735716
2258,0.2667015587311754
2259,0.946330365895476
2260,0.5051466689113011
2261,0.8415979609079678
2262,0.9869925760518075
2263,0.629355838270445
2264,0.8297345799776841
2265,0.8180477061443268
2266,0.24996755493253514
2267,0.31909609549611695
2268,0.4616410191422067
2269,0.9851185503144895
2270,0.5749297395371386
2271,0.6536295805799437
2272,0.5634617109147914
2273,0.9867012533223009
2274,0.7984179189530435
2275,0.20152418384990434
2276,0.4057696436998806
2277,0.27550986163899827
2278,0.6717411833410779
2279,0.46408767430388764
2280,0.923174918387006
2281,0.6792926338450449
2282,0.5425026876780134
2283,0.21214412923546155
2284,0.7980905663189601
2285,0.9623193407510601
2286,0.9652420934812115
2287,0.42040013368280427
2288,0.4088191051181596
2289,0.3903093618569728
2290,0.8899902578305637
2291,0.487464328109959
2292,0.7094804536880592
2293,0.9234487391168752
2294,0.6600016761184403
2295,0.6074078221010445
2296,0.46276169296636055
2297,0.15893505512715178
2298,0.3626356851194612
2299,0.9287466690147038
2300,0.9227462122770873
2301,0.4413887675746339
2302,0.8153303286878173
2303,0.3352822709674605
2304,0.8890118816187643
2305,0.13426186122080408
2306,0.17763413977177084
2307,0.3184132046895219
2308,0.7523202618717664
2309,0.3450111317081848
2310,0.3460317073670875
2311,0.5818168772194502
2312,0.9626611816867393
2313,0.5450418695022792
2314,0.362395925704063
2315,0.9389564223886799
2316,0.5000481323284589
2317,0.6792926338450449
2318,0.600897217937791
2319,0.3121883522848873
2320,0.6459546409308803
2321,0.30461042692079876
2322,0.8694127888335574
2323,0.48838693480414663
2324,0.2352584773816971
2325,0.7858293976390466
2326,0.8858444098550551
2327,0.9867012533223009
2328,0.6041581152695009
2329,0.40986759499848124
2330,0.5230066682731717
2331,0.6533039447951985
2332,0.7184551064049107
2333,0.3915691222229297
2334,0.3936442528957657
2335,0.3422542469828969
2336,0.5572704601572017
2337,0.9569996848331493
2338,0.5079318343967427
2339,0.4153668840542641
2340,0.9114688480408317
2341,0.7624926575527087
2342,0.5134504625654618
2343,0.7089986700259088
2344,0.813995463324141
2345,0.3910014160500289
2346,0.1607017288785705
2347,0.4349574890116927
2348,0.9582006619455394
2349,0.7283855549791163
2350,0.9593852148890164
2351,0.5201628307784528
2352,0.8328820363599343
2353,0.3181594479705238
2354,0.9448470861492894
2355,0.9605868138521666
2356,0.8148490443355342
2357,0.5473276539700642
2358,0.4256581482116263
2359,0.9406043215058026
2360,0.81077733381164
2361,0.8431523311312334
2362,0.48568458242415624
2363,0.36746044609187567
2364,0.5173014877240396
2365,0.9232375671944661
2366,0.48421452142177207
2367,0.5215093554270256
2368,0.33149350767417296
2369,0.38509497648411367
2370,0.3711685264606892
2371,0.8283834321092902
2372,0.9075227980726039
2373,0.4734333283950644
2374,0.6005062057132681
2375,0.47788184057462674
2376,0.9582377432144522
2377,0.43161331627642985
2378,0.6904130769517476
2379,0.9954443210094966
2380,0.6489104007473464
2381,0.5799040632059214
2382,0.5760753012952605
2383,0.3502110452862736
2384,0.3373036873440007
2385,0.7349043636128448
2386,0.3543254550819979
2387,0.47721174659909543
2388,0.19642410299273952
2389,0.3689373228610314
2390,0.9665120095909335
2391,0.4930248821835648
2392,0.4457018211549545
2393,0.48441224919915843
2394,0.49892734322127724
2395,0.1400644922069409
2396,0.9374287184727802
2397,0.5451973233454224
2398,0.7998587111304384
2399,0.4114925713291884
2400,0.9003501239029191
2401,0.9723979178679402
2402,0.40484719081225906
2403,0.581479160268213
2404,0.3318527420026319
2405,0.7883848294964505
2406,0.30076666853485534
2407,0.6965893204941173
2408,0.40573599787928694
2409,0.958144489438153
2410,0.933467070808792
2411,0.47164272048726885
2412,0.3625112456144196
2413,0.17593464634744166
2414,0.2444502854335006
2415,0.39058062772953617
2416,0.38466169552379814
2417,0.35162906827333346
2418,0.4398921786588624
2419,0.9609372193117478
2420,0.38461520966032525
2421,0.9851185503144895
2422,0.8297345799776841
2423,0.3256327835369635
2424,0.8130112323709141
2425,0.965493863261612
2426,0.30448755493313956
2427,0.3993208511512001
2428,0.5320977573077158
2429,0.479265232469856
2430,0.39786927368854896
2431,0.3351371312460791
2432,0.9234755233885874
2433,0.9503866274415114
2434,0.9808765807762251
2435,0.5746216926357615
2436,0.42910602892047833
2437,0.411052978457592
2438,0.49825891314457227
2439,0.1360494553166564
2440,0.9622086303072572
2441,0.9611134318533184
2442,0.41423542172607813
2443,0.41685035192522746
2444,0.33244606252289083
2445,0.40804579921473727
2446,0.961439829555603
2447,0.38511009681725333
2448,0.879008892719461
2449,0.6713240907021608
2450,0.9867012533223009
2451,0.9681952452732691
2452,0.8297345799776841
2453,0.7931998311148757
2454,0.40506859063681255
2455,0.3512947309198357
2456,0.11532583988864184
2457,0.3986813743801513
2458,0.8862442852386222
2459,0.9306425781385523
2460,0.4357808828218767
2461,0.7980639986016759
2462,0.34853063902757814
2463,0.36290882983819417
2464,0.7733484748086594
2465,0.9412036572289113
2466,0.3439205965694671
2467,0.681121570398212
2468,0.14722907767117374
2469,0.7976917615864825
2470,0.6103481306870162
2471,0.5349179437936833
2472,0.7500306640379015
2473,0.9047458237187546
2474,0.4711151858033091
2475,0.41525355396480235
2476,0.38348104040700676
2477,0.9638033609539933
2478,0.5475987996709885
2479,0.6515488434972542
2480,0.48150497073706855
2481,0.37987865362684986
2482,0.5581736755075768
2483,0.4151965508502894
2484,0.9638033609539933
2485,0.8734746227684257
2486,0.30811653173768394
2487,0.7501578535987743
2488,0.6525715017996823
2489,0.6125968130885499
2490,0.6792926338450449
2491,0.3484240337669432
2492,0.5605090104930981
2493,0.8790698488165433
2494,0.42969893177486607
2495,0.9197270368149718
2496,0.3444606589157125
2497,0.6679305901800858
2498,0.9387139501270898
2499,0.8767659200346988
2500,0.47457952849774215
2501,0.21595727092067568
2502,0.64669348110083
2503,0.3424581124488545
2504,0.3485189001944879
2505,0.471027939280172
2506,0.4481800036490205
2507,0.39843193779836467
2508,0.6965893204941173
2509,0.31909669638678967
2510,0.30968013007177475
2511,0.25857626752112933
2512,0.3288374942778723
2513,0.4506110033543239
2514,0.39604252618364016
2515,0.38778690262938686
2516,0.5414050934356749
2517,0.26523033288524456
2518,0.6352208997413632
2519,0.6344817370400225
2520,0.28786806045277674
2521,0.8310817565756543
2522,0.3224895666217729
2523,0.8587678057818489
2524,0.538401557982987
2525,0.7227637796498358
2526,0.5316326374425858
2527,0.8298742471212646
2528,0.371554075297793
2529,0.6792926338450449
2530,0.32126283230314256
2531,0.9638033609539933
2532,0.9791035392413276
2533,0.9031221909991022
2534,0.9503351324671928
2535,0.7287475438004168
2536,0.6691833468258965
2537,0.6525715017996823
2538,0.9195209490148439
2539,0.3995156886884649
2540,0.32013109661393313
2541,0.5340009924274829
2542,0.5605090104930981
2543,0.15842540183827633
2544,0.40986564924636587
2545,0.7508124670898008
2546,0.5605090104930981
2547,0.9573881730603314
2548,0.6541744597840884
2549,0.9750168786779555
2550,0.2620115515672964
2551,0.6307074499805371
2552,0.3716188527620597
2553,0.16245145347130144
2554,0.9328962978268338
2555,0.5025403470181307
2556,0.19850464667713322
2557,0.8803758936684751
2558,0.3372897106527463
2559,0.3141402635856591
2560,0.30999012946679927
2561,0.4956102066914875
2562,0.9834839472658451
2563,0.3935702889699518
2564,0.9403142501670538
2565,0.52367846173992
2566,0.9720410462165227
2567,0.9783896003489939
2568,0.5777171523554374
2569,0.6968097806085655
2570,0.6893399203692234
2571,0.4012321367217638
2572,0.31223200299290493
2573,0.605990707400161
2574,0.43234055980672426
2575,0.3946439761722183
2576,0.8522224244768754
2577,0.36935719287416474
2578,0.8240782025157136
2579,0.36618901010453464
2580,0.39346877363909877
2581,0.9657821319215661
2582,0.5194932968348412
2583,0.3791465103464421
2584,0.41650190798451725
2585,0.9462559886857298
2586,0.9263687194155285
2587,0.5374346921791984
2588,0.4609265944873402
2589,0.9593852148890164
2590,0.4487791742346582
2591,0.9861651884920016
2592,0.9869925760518075
2593,0.40844540056078743
2594,0.9665120095909335
2595,0.6665844202349549
2596,0.6355556239983071
2597,0.6792926338450449
2598,0.6533039447951985
2599,0.9400378883993913
2600,0.8678284470656004
2601,0.5749297395371386
2602,0.8484265922550364
2603,0.9462952697348002
2604,0.5545709399906109
2605,0.5774592435489584
2606,0.49365677699972627
2607,0.5752100113949148
2608,0.49019183313979353
2609,0.9515835178666481
2610,0.9188670839160138
2611,0.9638073154255764
2612,0.64669348110083
2613,0.43298360500869365
2614,0.716848225129172
2615,0.5450418695022792
2616,0.16401766858128827
2617,0.38413226629378133
2618,0.6035974382760912
2619,0.9488779923957926
2620,0.3611057108640168
2621,0.2893737438384681
2622,0.8784221842345914
2623,0.3397947317767155
2624,0.3815684891562303
2625,0.3936584378230641
2626,0.32878097450297966
2627,0.5468235660859851
2628,0.6644470774042347
2629,0.5574944140179914
2630,0.43110026311413474
2631,0.6792926338450449
2632,0.6593943428605494
2633,0.44979730441941695
2634,0.17788953762174334
2635,0.878317250015285
2636,0.9542556814884365
2637,0.35002668405487875
2638,0.44641425033280246
2639,0.8132943010409229
2640,0.9612514175378275
2641,0.46737266689435186
2642,0.3417673496128919
2643,0.35300968525946913
2644,0.7815151815202539
2645,0.5092664291029603
2646,0.9621463979392606
2647,0.4790124312389168
2648,0.6467456483621388
2649,0.24954611312370228
2650,0.9738918515046131
2651,0.36940575312975127
2652,0.6682603148279337
2653,0.8734746227684257
2654,0.8886566160545314
2655,0.9867012533223009
2656,0.5037213771203557
2657,0.9418213222276757
2658,0.8322599476102908
2659,0.3650651184337307
2660,0.929023529813133
2661,0.8899902578305637
2662,0.9355742325341152
2663,0.5360261290163673
2664,0.46298954375187484
2665,0.4223277554024505
2666,0.3831932267789299
2667,0.44415419460247185
2668,0.5362489578591398
2669,0.9558035286758274
2670,0.5198360426717753
2671,0.45747964449275597
2672,0.3543639593763712
2673,0.5789766323431426
2674,0.8016831686495386
2675,0.8016046285184351
2676,0.5601200125595424
2677,0.5231173756114612
2678,0.37236265065775287
2679,0.3229623637754248
2680,0.33607989406762756
2681,0.6840504482772085
2682,0.764148455665765
2683,0.8315534885253202
2684,0.6772835641831988
2685,0.36765379424153743
2686,0.11283226805370086
2687,0.9380504473745988
2688,0.9175353519174786
2689,0.6411056260115067
2690,0.7590796047485736
2691,0.2952341626597983
2692,0.7902785588202487
2693,0.3439537143166795
2694,0.3803982859145792
2695,0.29069421873194423
2696,0.41650190798451725
2697,0.9730702637486847
2698,0.4992661446663776
2699,0.3915814145157699
2700,0.470713370929205
2701,0.4324369604234934
2702,0.8308962023779638
2703,0.19426997724016243
2704,0.26122051377832334
2705,0.7459732329639054
2706,0.7766609818440187
2707,0.36673147758434443
2708,0.6626539183864112
2709,0.9501677478512184
2710,0.4228709377569654
2711,0.39177794215188994
2712,0.9867012533223009
2713,0.7623147371629833
2714,0.45606035028364766
2715,0.29554213150884806
2716,0.5176124894296739
2717,0.9387877718963127
2718,0.666381296867986
2719,0.4361330213486196
2720,0.9343425876872037
2721,0.34166729928948414
2722,0.4455670365802086
2723,0.9611134318533184
2724,0.7034090472132363
2725,0.5387741888854547
2726,0.7686971981154824
2727,0.9625961474894477
2728,0.8185128390094284
2729,0.42222488672053476
2730,0.8831549903656841
2731,0.9037321181792454
2732,0.7090880306944322
2733,0.3566746405038875
2734,0.4982713910771097
2735,0.5246491742844059
2736,0.8734746227684257
2737,0.30350654885308254
2738,0.4030260009216121
2739,0.7100098899586869
2740,0.9204223682436157
2741,0.875614055747824
2742,0.8030626823400626
2743,0.3457174807087467
2744,0.2607078341963399
2745,0.27100380485210357
2746,0.5287631574152846
2747,0.5157323246290112
2748,0.35391938650338023
2749,0.7802736322181769
2750,0.5002497129427136
2751,0.5749297395371386
2752,0.9216994420997406
2753,0.3647361454239576
2754,0.592974076015958
2755,0.3462348750369803
2756,0.398975173142552
2757,0.6899968293704237
2758,0.7022943868371289
2759,0.6006593821168309
2760,0.35815893073394894
2761,0.7474033196621129
2762,0.17824886821885647
2763,0.3904230483990858
2764,0.6677818296476876
2765,0.8879883045419313
2766,0.889689149824881
2767,0.501119984558571
2768,0.7768351657909254
2769,0.660638209553026
2770,0.4715409842761505
2771,0.8134072405645301
2772,0.5390223437055653
2773,0.9638033609539933
2774,0.5416582416094909
2775,0.9387002834322449
2776,0.6525715017996823
2777,0.9444253361161152
2778,0.9867012533223009
2779,0.3111334094527766
2780,0.7176496937717487
2781,0.30345051574594034
2782,0.9638033609539933
2783,0.9121554404127603
2784,0.8356551194027291
2785,0.1952013590377583
2786,0.43559951330081836
2787,0.9869925760518075
2788,0.36072395464003554
2789,0.4555863652261134
2790,0.8860062072331566
2791,0.28301665258675746
2792,0.7894539992672159
2793,0.4874155298869201
2794,0.8053235059508942
2795,0.4558518761382673
2796,0.491820972811911
2797,0.2737354520600977
2798,0.4685562464254121
2799,0.33574396600480394
2800,0.37513785612731304
2801,0.5726322528269977
2802,0.39387662750461444
2803,0.36932842260443177
2804,0.36025532638905255
2805,0.5705031369897002
2806,0.6547963820959463
2807,0.3572366590974958
2808,0.6533039447951985
2809,0.6276199345661758
2810,0.43346217936407544
2811,0.557931507296145
2812,0.53973749464484
2813,0.6241550021571756
2814,0.7598607993118262
2815,0.9079578116176683
2816,0.34888235417069513
2817,0.7778348974241309
2818,0.43540065415459717
2819,0.7711995419971379
2820,0.965493863261612
2821,0.5340486709073511
2822,0.4355392638573274
2823,0.5594876677546361
2824,0.9195128009560026
2825,0.5446500117023317
2826,0.514466905677457
2827,0.5998838362785291
2828,0.3561170763175408
2829,0.4736879522307673
2830,0.40460996512463376
2831,0.6405722232480967
2832,0.5208541759012497
2833,0.10203232447176268
2834,0.5400570196152391
2835,0.9404015256869338
2836,0.9405735763986492
2837,0.6284401732593059
2838,0.5994500642311904
2839,0.9613939115680589
2840,0.09060417975180632
2841,0.5117856636352861
2842,0.41892628286151445
2843,0.3521511634092026
2844,0.17607971936300534
2845,0.7448715069680025
2846,0.7666045635401217
2847,0.7782565214112099
2848,0.6279018473317426
2849,0.8731702860596863
2850,0.8874527187578131
2851,0.6028828062782664
2852,0.5284382226815185
2853,0.3623877547708168
2854,0.45052873621238326
2855,0.5837152774842541
2856,0.8321139805052081
2857,0.3809639579985822
2858,0.5393508819289586
2859,0.9063940713585801
2860,0.4216285612625553
2861,0.9658996015217942
2862,0.6739682111193868
2863,0.9400378883993913
2864,0.9665120095909335
2865,0.5177657726018716
2866,0.7393473267444255
2867,0.7710352171174758
2868,0.4643154606624091
2869,0.6580197517560699
2870,0.37379004018086737
2871,0.2564325262198377
2872,0.3974849972201181
2873,0.9677672898538497
2874,0.7743503363614297
2875,0.39126637396768177
2876,0.5130527108304174
2877,0.9544565324513354
2878,0.41398752207291767
2879,0.6664915524085575
2880,0.4626343596567303
2881,0.9869925760518075
2882,0.9059284336298649
2883,0.9404015256869338
2884,0.317848034655526
2885,0.3278144720678426
2886,0.28805268588976474
2887,0.9657052024499676
2888,0.8618359814124036
2889,0.5136993501045444
2890,0.6362108111620596
2891,0.6533039447951985
2892,0.6130596555246115
2893,0.6640762571879372
2894,0.7973977335520616
2895,0.4835371579236723
2896,0.8155115461423394
2897,0.8825011649311215
2898,0.6813714123925794
2899,0.9785424930886372
2900,0.9149507983496008
2901,0.5662887482321379
2902,0.9703051856655394
2903,0.41530210799398337
2904,0.9593852148890164
2905,0.5284295234869655
2906,0.9844510659343069
2907,0.9605112810102242
2908,0.6853817648944612
2909,0.18509636416083664
2910,0.37315042934282194
2911,0.5271946614085304
2912,0.9613939115680589
2913,0.9671448940421621
2914,0.8154664452930087
2915,0.9608937427281877
2916,0.9867012533223009
2917,0.27400100643779296
2918,0.6735720582191828
2919,0.6965893204941173
2920,0.7325101058505904
2921,0.9638033609539933
2922,0.10461589892656344
2923,0.64669348110083
2924,0.7136044498967126
2925,0.6676958800245011
2926,0.13321366152939004
2927,0.9632930924840997
2928,0.38640579776404727
2929,0.4483030276986883
2930,0.9506110884517469
2931,0.6083259311083278
2932,0.36799426947341835
2933,0.9452360741812693
2934,0.6912756719440195
2935,0.38892586126488216
2936,0.9393313456558345
2937,0.9714412632413731
2938,0.7846719529258745
2939,0.837758702318315
2940,0.19464508140392034
2941,0.28267485143637333
2942,0.8297345799776841
2943,0.7358416545206228
2944,0.6774513969159728
2945,0.9636822284486127
2946,0.9292797597703129
2947,0.9617333309193594
2948,0.45463015660162087
2949,0.8886566160545314
2950,0.498531339000867
2951,0.4562742113029141
2952,0.6323959614259803
2953,0.9867012533223009
2954,0.9058107122262211
2955,0.5634056196063376
2956,0.3909009042175921
2957,0.9434631526326611
2958,0.5686179985867968
2959,0.48589905895584784
2960,0.41423542172607813
2961,0.43742017507797354
2962,0.9615212844736376
2963,0.3941359441183183
2964,0.544736166734858
2965,0.2391703612549664
2966,0.4001512985818963
2967,0.6362108111620596
2968,0.31448895272128613
2969,0.8315534885253202
2970,0.31934646713247383
2971,0.38324912401649514
2972,0.9034028859312433
2973,0.9697656195213229
2974,0.4740571060226741
2975,0.46934853335547644
2976,0.3937276285527128
2977,0.9311768611079352
2978,0.4723961910319011
2979,0.6496382025036547
2980,0.5256865787642556
2981,0.27567584982358306
2982,0.587045364566037
2983,0.32717230798966956
2984,0.4876411401382082
2985,0.5039670120349045
2986,0.9867012533223009
2987,0.8065764339934695
2988,0.4043512305634753
2989,0.9443623557052393
2990,0.5502437595933976
2991,0.27581192133860155
2992,0.900139901792014
2993,0.49606471753028614
2994,0.68759683813495
2995,0.8361209984114576
2996,0.8476073202122798
2997,0.33608472157656766
2998,0.27191135595732346
2999,0.4070518027154127
3000,0.9851185503144895
3001,0.8310710110760122
3002,0.15685452397235589
3003,0.8325674602132574
3004,0.529542916640609
3005,0.3949388134928881
3006,0.4096509819950889
3007,0.25994343053339986
3008,0.8899902578305637
3009,0.6422601344358093
3010,0.41926894393214403
3011,0.9506110884517469
3012,0.7341084315627643
3013,0.21086682456918554
3014,0.9340303448934458
3015,0.6792926338450449
3016,0.4457672806900851
3017,0.8948541819740906
3018,0.3971517391347661
3019,0.567172829344003
3020,0.6868375254746031
3021,0.9405218614102727
3022,0.799508463789481
3023,0.7413385828015115
3024,0.504081822969375
3025,0.42701887765520374
3026,0.30058493037943423
3027,0.5138980452115686
3028,0.42022763547002184
3029,0.6949574909921912
3030,0.44801213845236626
3031,0.40419850822113107
3032,0.41640250175495513
3033,0.30475667256244776
3034,0.31560277925170305
3035,0.32945455101489723
3036,0.6588451974268403
3037,0.36082490961579117
3038,0.9230867053221555
3039,0.8301276501691155
3040,0.40288918537113344
3041,0.514958229596836
3042,0.9834839472658451
3043,0.4118511154245518
3044,0.6939744886467873
3045,0.7529964401501034
3046,0.7682571249341812
3047,0.4895149264191451
3048,0.21739612308080142
3049,0.41298199498474925
3050,0.9595109704546109
3051,0.6651945086904644
3052,0.4757257957524427
3053,0.9591083683224777
3054,0.8872009484039504
3055,0.9400497007074825
3056,0.36182427968328573
3057,0.8899902578305637
3058,0.20872254482764585
3059,0.3922373946452791
3060,0.7031814361365294
3061,0.5297049926933212
3062,0.08388369923563843
3063,0.26464594056324514
3064,0.6548427367015679
3065,0.8991491202214414
3066,0.8467485690370825
3067,0.6743730564052786
3068,0.5372518422619329
3069,0.34898552664062876
3070,0.9453903082693375
3071,0.575368640053897
3072,0.8822619749251627
3073,0.81077733381164
3074,0.9665120095909335
3075,0.5661411771790396
3076,0.8174067847880644
3077,0.9687501271246218
3078,0.6533039447951985
3079,0.3630907294363896
3080,0.951688791323211
3081,0.44084004497898366
3082,0.9638033609539933
3083,0.9834839472658451
3084,0.9363458776996775
3085,0.44618062896663524
3086,0.4699328430785757
3087,0.9158484558875496
3088,0.7523877792822241
3089,0.4088489498389813
3090,0.9638033609539933
3091,0.9114688480408317
3092,0.7994156516465274
3093,0.5289569271489586
3094,0.5177403237363862
3095,0.5724927356754506
3096,0.6319847150355963
3097,0.4349286004430687
3098,0.288430912306929
3099,0.6592722058349464
3100,0.5958281648424032
3101,0.7512785551002467
3102,0.1273173828912798
3103,0.5461855800209214
3104,0.9046898008744209
3105,0.964164364249225
3106,0.9405735763986492
3107,0.4996127308515288
3108,0.701825535584551
3109,0.45537844947691625
3110,0.39990159791104246
3111,0.4384484387090043
3112,0.8719504592895015
3113,0.896206155404164
3114,0.5569726171612592
3115,0.6533039447951985
3116,0.9506110884517469
3117,0.6799422481991949
3118,0.963130918391816
3119,0.8590475575621787
3120,0.9577328220312866
3121,0.7397058419663053
3122,0.9584263286725473
3123,0.7307600160938709
3124,0.9867012533223009
3125,0.7581623776399236
3126,0.5149805208848108
3127,0.45230812780825863
3128,0.9657052024499676
3129,0.2900732788735409
3130,0.24496590878448285
3131,0.4968315436050479
3132,0.5086607362487758
3133,0.9638033609539933
3134,0.49295206628481486
3135,0.37963586098509633
3136,0.5055848699271238
3137,0.46187483771103593
3138,0.41335835003899457
3139,0.4753417106239362
3140,0.5658968976812311
3141,0.17767500431649022
3142,0.5389344524400029
3143,0.5516366399092907
3144,0.7079194411659682
3145,0.9140426646312246
3146,0.5432041837060408
3147,0.5520764123549123
3148,0.6739682111193868
3149,0.4529611671928806
3150,0.5465818178255344
3151,0.5689199844079693
3152,0.8467485690370825
3153,0.34166729928948414
3154,0.8841214650304798
3155,0.977005592954816
3156,0.6523740959976169
3157,0.4658995801982661
3158,0.8941052074248355
3159,0.4585583471586998
3160,0.4899066428732749
3161,0.6277539368802787
3162,0.6828210100906873
3163,0.48234242606950883
3164,0.8206686968527801
3165,0.38354749675427025
3166,0.2917394415724474
3167,0.7318074423365493
3168,0.43539748557838126
3169,0.5605090104930981
3170,0.9638033609539933
3171,0.7543408074723921
3172,0.6965893204941173
3173,0.521182056273274
3174,0.693540165053825
3175,0.5199619496839458
3176,0.5334224499200519
3177,0.9861651884920016
3178,0.2796992766103162
3179,0.45353378274683526
3180,0.36274801843251137
3181,0.5202597124350161
3182,0.8642698661965627
3183,0.6323027784842987
3184,0.5605090104930981
3185,0.6174693536591864
3186,0.45516397186693197
3187,0.5378355656383257
3188,0.8130112323709141
3189,0.5598425097659866
3190,0.9869925760518075
3191,0.8208630387031035
3192,0.6573874750854616
3193,0.3584423110209504
3194,0.7427842279426141
3195,0.3536317859966418
3196,0.32972389486312137
3197,0.8899902578305637
3198,0.5072110051301867
3199,0.4643262146667474
3200,0.3380258316449762
3201,0.6103973576874034
3202,0.3617485321186378
3203,0.9382471088757918
3204,0.4791794891404264
3205,0.3801254204488379
3206,0.9783896003489939
3207,0.6554704491584382
3208,0.1201163288992142
3209,0.4868464778776785
3210,0.8297345799776841
3211,0.8363191628217257
3212,0.5398256782985098
3213,0.2743448760819051
3214,0.3571132411975351
3215,0.8899902578305637
3216,0.32320095462009457
3217,0.45115071189193917
3218,0.9007171210705051
3219,0.3023056376097121
3220,0.3513181475124269
3221,0.5203025158306613
3222,0.8362586372882451
3223,0.4375960408767661
3224,0.3812615963493768
3225,0.5412050257926205
3226,0.42503394032719144
3227,0.3373966263611199
3228,0.8793258333621807
3229,0.5075267918996113
3230,0.6792926338450449
3231,0.9583668975158014
3232,0.9851185503144895
3233,0.6294707524708827
3234,0.42434451787088684
3235,0.9418528569928076
3236,0.5399414967480366
3237,0.13368243549517497
3238,0.9611134318533184
3239,0.34329786176564814
3240,0.950329589842526
3241,0.6248312815245943
3242,0.965493863261612
3243,0.9859904348910077
3244,0.3760764449296243
3245,0.3457096360860707
3246,0.3638399125229938
3247,0.3772548740589685
3248,0.40967264650403534
3249,0.8470534496411272
3250,0.3642321543479557
3251,0.8066268489484809
3252,0.9310389370527081
3253,0.9867012533223009
3254,0.9400497007074825
3255,0.9638033609539933
3256,0.664913382173152
3257,0.5222279659766731
3258,0.3349115287026213
3259,0.5559837076714875
3260,0.3066060627486562
3261,0.6968685751550917
3262,0.47144244915454053
3263,0.8983975906455359
3264,0.3739905480311828
3265,0.9542556814884365
3266,0.22740103923496777
3267,0.4690038720057077
3268,0.33517782488300973
3269,0.2798137926960461
3270,0.4712463520665147
3271,0.9834839472658451
3272,0.48861449706796345
3273,0.452467300331011
3274,0.3811681760790837
3275,0.96875098196625
3276,0.7886674488526748
3277,0.9360901234710435
3278,0.8544767414185721
3279,0.17401170990292816
3280,0.8250930841445663
3281,0.8240782025157136
3282,0.6792926338450449
3283,0.9235496420112186
3284,0.18234249209572725
3285,0.6868375254746031
3286,0.6197700541090329
3287,0.5676358948733093
3288,0.9730008495610613
3289,0.5913204902988247
3290,0.1424788460351054
3291,0.6697900694639214
3292,0.2723398243613691
3293,0.6428415113063148
3294,0.8297345799776841
3295,0.33676196363868716
3296,0.4516694704905993
3297,0.6679305901800858
3298,0.20732521861279
3299,0.5637486225548425
3300,0.6125968130885499
3301,0.6414039874925346
3302,0.5231868847734686
3303,0.8992485843232126
3304,0.8667020544891856
3305,0.9387877718963127
3306,0.9785424930886372
3307,0.503221726816264
3308,0.9593852148890164
3309,0.5146226526778963
3310,0.9559368134662166
3311,0.25113993442478494
3312,0.35306537152846934
3313,0.5076637591928229
3314,0.42632038559874935
3315,0.2743677327958006
3316,0.681121570398212
3317,0.9266677816940513
3318,0.3828417483275759
3319,0.5708399519110272
3320,0.40914702380696266
3321,0.5802534531880253
3322,0.4942378063951316
3323,0.2713488610145102
3324,0.3107839239380712
3325,0.30986944220448726
3326,0.6677946075217719
3327,0.9549614478992948
3328,0.6939252915698121
3329,0.9350771978735061
3330,0.3857832651209219
3331,0.7411156961436254
3332,0.8993435318358428
3333,0.29816987686215146
3334,0.8493952611674976
3335,0.4010829310522406
3336,0.6388742261816901
3337,0.34322058445718046
3338,0.7572981543999607
3339,0.9638033609539933
3340,0.3553328769536117
3341,0.6662248401871499
3342,0.34383348065501096
3343,0.3521430089650557
3344,0.33868887901895456
3345,0.4446921953829549
3346,0.9360547141837493
3347,0.5763709629706731
3348,0.5485778864036239
3349,0.7461034136194146
3350,0.3230467067373445
3351,0.372940515198803
3352,0.3675698643023255
3353,0.9622086303072572
3354,0.45386986157303816
3355,0.5799338780411049
3356,0.546598475328401
3357,0.9665120095909335
3358,0.38717702146473787
3359,0.7732547975376761
3360,0.517086721733698
3361,0.878710685919043
3362,0.7679881746663306
3363,0.38236779100131846
3364,0.35062944665178203
3365,0.22072945589601634
3366,0.7812356542489961
3367,0.8563072343950191
3368,0.5026874090534629
3369,0.6646603546300863
3370,0.2874534835539731
3371,0.26349489220422234
3372,0.836382381287178
3373,0.9360901234710435
3374,0.8701420336866473
3375,0.4832234487967852
3376,0.5450418695022792
3377,0.3864326298504937
3378,0.9589723124688331
3379,0.9654590871190761
3380,0.6592869517714085
3381,0.5154360242303617
3382,0.9186435524082835
3383,0.8902095594193263
3384,0.7374233750783876
3385,0.8436521179480487
3386,0.5008702206706547
3387,0.45980660415362473
3388,0.8793005814070951
3389,0.6445125766058738
3390,0.4733489423723863
3391,0.9867012533223009
3392,0.41024989314925175
3393,0.3083021148821627
3394,0.37254664584774827
3395,0.5083405030048677
3396,0.586832701325302
3397,0.5749297395371386
3398,0.13438200243960755
3399,0.3825912972807506
3400,0.9114688480408317
3401,0.9399139111805609
3402,0.5714712639394028
3403,0.43137799112663533
3404,0.6571396799207391
3405,0.33886854189803306
3406,0.5547669175726501
3407,0.4375666230264904
3408,0.9620108557489977
3409,0.19854388809852036
3410,0.6307074499805371
3411,0.8347001455158539
3412,0.3875566738785855
3413,0.9399216965008744
3414,0.36856001635848995
3415,0.3623468252749951
3416,0.9869925760518075
3417,0.4831139106380315
3418,0.4857058869133214
3419,0.32579570032609406
3420,0.8932887542676853
3421,0.3911950220620701
3422,0.36033735973439734
3423,0.8444069413164026
3424,0.45859592878521466
3425,0.4601604035298773
3426,0.8734746227684257
3427,0.8899902578305637
3428,0.9638033609539933
3429,0.6627659824507283
3430,0.5165476655765081
3431,0.5621403086320209
3432,0.3726123321175854
3433,0.5169695568416849
3434,0.5646257566129627
3435,0.3377970185253499
3436,0.5882778721860381
3437,0.28113809814059826
3438,0.6285940513848064
3439,0.9571327306138753
3440,0.5032076095817635
3441,0.4498515614580651
3442,0.3846014098540662
3443,0.6354897202664224
3444,0.9861651884920016
3445,0.630302387884072
3446,0.5129878386323208
3447,0.9795161995579554
3448,0.9678244446994496
3449,0.4343709459099135
3450,0.8703962218337664
3451,0.8860062072331566
3452,0.16841042715923527
3453,0.8927235600295228
3454,0.9558035286758274
3455,0.9315331413559951
3456,0.5855508330618282
3457,0.8784221842345914
3458,0.9131472077749957
3459,0.5378274902581002
3460,0.44192766452903504
3461,0.45035110634788744
3462,0.45869627083663117
3463,0.6550015477186
3464,0.3809097168091228
3465,0.6753148211953857
3466,0.9595109704546109
3467,0.937862353737714
3468,0.6768662153455256
3469,0.41101658279760045
3470,0.36163075406708967
3471,0.39911247098642766
3472,0.44235561853762817
3473,0.41481718743197
3474,0.7747903730490606
3475,0.6048178190729044
3476,0.38803808701898473
3477,0.5116654645523229
3478,0.9783896003489939
3479,0.9558035286758274
3480,0.16168177571931938
3481,0.40216431062807145
3482,0.8654750500894205
3483,0.748155476533544
3484,0.5836484024500374
3485,0.4719295740261399
3486,0.2512447593583937
3487,0.3450111317081848
3488,0.9867012533223009
3489,0.8745490802175077
3490,0.6098002691864652
3491,0.7166411250444091
3492,0.3703793048805574
3493,0.4737686085128762
3494,0.1820530935103526
3495,0.309635686942051
3496,0.23919264103512872
3497,0.5486104973859874
